{
  "mean": 0.1576576420015441,
  "std": 0.19655681680278375,
  "image_size": 256
}